Month,Rain
01,41.90799207284207
02,38.65648588858967
03,44.41016869745586
04,53.08735949584618
05,63.602448069769
06,68.55840177975985
07,66.12156899032357
08,68.54047432875886
09,66.26575786061854
10,66.08516176898095
11,55.640562818205645
12,48.860774177918465
