Month,Rain
01,-14.925581984766303
02,-18.177088169018703
03,-12.423405360152515
04,-3.7462145617621943
05,6.768874012160623
06,11.724827722151474
07,9.287994932715193
08,11.706900271150488
09,9.432183803010162
10,9.25158771137258
11,-1.193011239402729
12,-7.972799879689909
